Program ID: "SimCCT" -Solid State Phase Transformation (SSPT) tool, v1.25 beta (4th March 2019) v2.21 13th Aug 2018
 
 ============ TTT & CCT data ==========
Time Temperature Transformation (TTT) AND Continuous Cooling Transformation (CCT) results for the following conditions
 
Material Composition ID: enter alloy name/ID
 
Li 1998 used (suspect!)
 
Ae1: 701
Ae3: 845.374498536004
% nuleation at start: 1
% nuleation at finish: 99.9
 
ASTM median prior grain size: 8.0
Diameter prior grain size: 0.02209 mm
 
 
Initial CCT temperature: 899 C
 
 ============================================      TTT data     ====================================
 
     Ferrite-nuc,, Ferrite-comp,, Pearlite-nuc,, Pearlite-comp,, Bainite-nuc,, Bainite-comp,, Martensite-nuc
Time (sec), Temp (C) |,Time (sec), Temp (C) |,Time (sec), Temp (C) |,Time (sec), Temp (C) |,Time (sec), Temp (C) |,Time (sec), Temp (C) |,Time (sec), Temp (C) |,
3.05, 514.0, 53.27, 514.0, 325.46, 514.0, 1182.86, 514.0, 0.08, 465.0, 1.64, 465.0, 0.00, 464.0
3.01, 515.0, 52.56, 515.0, 323.43, 515.0, 1175.49, 515.0, 0.08, 466.0, 1.63, 466.0, 0.08, 464.0
2.97, 516.0, 51.87, 516.0, 321.46, 516.0, 1168.33, 516.0, 0.08, 467.0, 1.62, 467.0, 0.00, 0.0
2.93, 517.0, 51.20, 517.0, 319.55, 517.0, 1161.38, 517.0, 0.08, 468.0, 1.61, 468.0, 0.00, 0.0
2.89, 518.0, 50.54, 518.0, 317.69, 518.0, 1154.64, 518.0, 0.08, 469.0, 1.61, 469.0, 0.00, 0.0
2.85, 519.0, 49.89, 519.0, 315.90, 519.0, 1148.10, 519.0, 0.08, 470.0, 1.60, 470.0, 0.00, 0.0
2.82, 520.0, 49.25, 520.0, 314.15, 520.0, 1141.77, 520.0, 0.08, 471.0, 1.60, 471.0, 0.00, 0.0
2.78, 521.0, 48.63, 521.0, 312.47, 521.0, 1135.64, 521.0, 0.08, 472.0, 1.59, 472.0, 0.00, 0.0
2.75, 522.0, 48.01, 522.0, 310.84, 522.0, 1129.71, 522.0, 0.08, 473.0, 1.59, 473.0, 0.00, 0.0
2.71, 523.0, 47.41, 523.0, 309.26, 523.0, 1123.98, 523.0, 0.08, 474.0, 1.58, 474.0, 0.00, 0.0
2.68, 524.0, 46.82, 524.0, 307.74, 524.0, 1118.45, 524.0, 0.08, 475.0, 1.58, 475.0, 0.00, 0.0
2.64, 525.0, 46.24, 525.0, 306.27, 525.0, 1113.11, 525.0, 0.08, 476.0, 1.58, 476.0, 0.00, 0.0
2.61, 526.0, 45.68, 526.0, 304.85, 526.0, 1107.96, 526.0, 0.08, 477.0, 1.57, 477.0, 0.00, 0.0
2.58, 527.0, 45.12, 527.0, 303.49, 527.0, 1103.01, 527.0, 0.08, 478.0, 1.57, 478.0, 0.00, 0.0
2.55, 528.0, 44.57, 528.0, 302.18, 528.0, 1098.25, 528.0, 0.08, 479.0, 1.57, 479.0, 0.00, 0.0
2.52, 529.0, 44.04, 529.0, 300.92, 529.0, 1093.67, 529.0, 0.08, 480.0, 1.57, 480.0, 0.00, 0.0
2.49, 530.0, 43.51, 530.0, 299.71, 530.0, 1089.28, 530.0, 0.08, 481.0, 1.57, 481.0, 0.00, 0.0
2.46, 531.0, 42.99, 531.0, 298.56, 531.0, 1085.08, 531.0, 0.08, 482.0, 1.57, 482.0, 0.00, 0.0
2.43, 532.0, 42.49, 532.0, 297.45, 532.0, 1081.07, 532.0, 0.08, 483.0, 1.57, 483.0, 0.00, 0.0
2.40, 533.0, 41.99, 533.0, 296.40, 533.0, 1077.24, 533.0, 0.08, 484.0, 1.57, 484.0, 0.00, 0.0
2.37, 534.0, 41.50, 534.0, 295.40, 534.0, 1073.60, 534.0, 0.08, 485.0, 1.57, 485.0, 0.00, 0.0
2.35, 535.0, 41.03, 535.0, 294.44, 535.0, 1070.14, 535.0, 0.08, 486.0, 1.58, 486.0, 0.00, 0.0
2.32, 536.0, 40.56, 536.0, 293.54, 536.0, 1066.86, 536.0, 0.08, 487.0, 1.58, 487.0, 0.00, 0.0
2.29, 537.0, 40.09, 537.0, 292.69, 537.0, 1063.76, 537.0, 0.08, 488.0, 1.58, 488.0, 0.00, 0.0
2.27, 538.0, 39.64, 538.0, 291.89, 538.0, 1060.85, 538.0, 0.08, 489.0, 1.59, 489.0, 0.00, 0.0
2.24, 539.0, 39.20, 539.0, 291.14, 539.0, 1058.12, 539.0, 0.08, 490.0, 1.59, 490.0, 0.00, 0.0
2.22, 540.0, 38.76, 540.0, 290.44, 540.0, 1055.58, 540.0, 0.08, 491.0, 1.60, 491.0, 0.00, 0.0
2.19, 541.0, 38.34, 541.0, 289.79, 541.0, 1053.21, 541.0, 0.08, 492.0, 1.61, 492.0, 0.00, 0.0
2.17, 542.0, 37.92, 542.0, 289.19, 542.0, 1051.03, 542.0, 0.08, 493.0, 1.61, 493.0, 0.00, 0.0
2.14, 543.0, 37.50, 543.0, 288.64, 543.0, 1049.03, 543.0, 0.08, 494.0, 1.62, 494.0, 0.00, 0.0
2.12, 544.0, 37.10, 544.0, 288.14, 544.0, 1047.21, 544.0, 0.08, 495.0, 1.63, 495.0, 0.00, 0.0
2.10, 545.0, 36.70, 545.0, 287.69, 545.0, 1045.58, 545.0, 0.08, 496.0, 1.64, 496.0, 0.00, 0.0
2.08, 546.0, 36.31, 546.0, 287.29, 546.0, 1044.13, 546.0, 0.09, 497.0, 1.65, 497.0, 0.00, 0.0
2.05, 547.0, 35.93, 547.0, 286.94, 547.0, 1042.87, 547.0, 0.09, 498.0, 1.67, 498.0, 0.00, 0.0
2.03, 548.0, 35.55, 548.0, 286.64, 548.0, 1041.79, 548.0, 0.09, 499.0, 1.68, 499.0, 0.00, 0.0
2.01, 549.0, 35.19, 549.0, 286.40, 549.0, 1040.90, 549.0, 0.09, 500.0, 1.69, 500.0, 0.00, 0.0
1.99, 550.0, 34.82, 550.0, 286.21, 550.0, 1040.19, 550.0, 0.09, 501.0, 1.71, 501.0, 0.00, 0.0
1.97, 551.0, 34.47, 551.0, 286.06, 551.0, 1039.68, 551.0, 0.09, 502.0, 1.72, 502.0, 0.00, 0.0
1.95, 552.0, 34.12, 552.0, 285.97, 552.0, 1039.35, 552.0, 0.09, 503.0, 1.74, 503.0, 0.00, 0.0
1.93, 553.0, 33.78, 553.0, 285.94, 553.0, 1039.22, 553.0, 0.09, 504.0, 1.76, 504.0, 0.00, 0.0
1.91, 554.0, 33.44, 554.0, 285.95, 554.0, 1039.28, 554.0, 0.09, 505.0, 1.78, 505.0, 0.00, 0.0
1.89, 555.0, 33.11, 555.0, 286.02, 555.0, 1039.54, 555.0, 0.09, 506.0, 1.80, 506.0, 0.00, 0.0
1.87, 556.0, 32.79, 556.0, 286.15, 556.0, 1039.99, 556.0, 0.09, 507.0, 1.82, 507.0, 0.00, 0.0
1.86, 557.0, 32.47, 557.0, 286.33, 557.0, 1040.64, 557.0, 0.10, 508.0, 1.85, 508.0, 0.00, 0.0
1.84, 558.0, 32.16, 558.0, 286.56, 558.0, 1041.50, 558.0, 0.10, 509.0, 1.87, 509.0, 0.00, 0.0
1.82, 559.0, 31.85, 559.0, 286.85, 559.0, 1042.55, 559.0, 0.10, 510.0, 1.90, 510.0, 0.00, 0.0
1.80, 560.0, 31.55, 560.0, 287.20, 560.0, 1043.82, 560.0, 0.10, 511.0, 1.93, 511.0, 0.00, 0.0
1.79, 561.0, 31.25, 561.0, 287.61, 561.0, 1045.29, 561.0, 0.10, 512.0, 1.96, 512.0, 0.00, 0.0
1.77, 562.0, 30.96, 562.0, 288.07, 562.0, 1046.98, 562.0, 0.10, 513.0, 2.00, 513.0, 0.00, 0.0
1.75, 563.0, 30.68, 563.0, 288.60, 563.0, 1048.88, 563.0, 0.10, 514.0, 2.03, 514.0, 0.00, 0.0
1.74, 564.0, 30.40, 564.0, 289.18, 564.0, 1051.00, 564.0, 0.11, 515.0, 2.07, 515.0, 0.00, 0.0
1.72, 565.0, 30.12, 565.0, 289.82, 565.0, 1053.34, 565.0, 0.11, 516.0, 2.11, 516.0, 0.00, 0.0
1.71, 566.0, 29.85, 566.0, 290.53, 566.0, 1055.91, 566.0, 0.11, 517.0, 2.16, 517.0, 0.00, 0.0
1.69, 567.0, 29.59, 567.0, 291.30, 567.0, 1058.71, 567.0, 0.11, 518.0, 2.21, 518.0, 0.00, 0.0
1.68, 568.0, 29.33, 568.0, 292.13, 568.0, 1061.74, 568.0, 0.12, 519.0, 2.26, 519.0, 0.00, 0.0
1.66, 569.0, 29.08, 569.0, 293.04, 569.0, 1065.02, 569.0, 0.12, 520.0, 2.31, 520.0, 0.00, 0.0
1.65, 570.0, 28.83, 570.0, 294.00, 570.0, 1068.53, 570.0, 0.12, 521.0, 2.37, 521.0, 0.00, 0.0
1.63, 571.0, 28.58, 571.0, 295.04, 571.0, 1072.30, 571.0, 0.13, 522.0, 2.43, 522.0, 0.00, 0.0
1.62, 572.0, 28.34, 572.0, 296.14, 572.0, 1076.32, 572.0, 0.13, 523.0, 2.50, 523.0, 0.00, 0.0
1.61, 573.0, 28.10, 573.0, 297.32, 573.0, 1080.59, 573.0, 0.13, 524.0, 2.57, 524.0, 0.00, 0.0
1.59, 574.0, 27.87, 574.0, 298.57, 574.0, 1085.14, 574.0, 0.14, 525.0, 2.65, 525.0, 0.00, 0.0
1.58, 575.0, 27.64, 575.0, 299.90, 575.0, 1089.95, 575.0, 0.14, 526.0, 2.74, 526.0, 0.00, 0.0
1.57, 576.0, 27.42, 576.0, 301.30, 576.0, 1095.04, 576.0, 0.15, 527.0, 2.83, 527.0, 0.00, 0.0
1.56, 577.0, 27.20, 577.0, 302.78, 577.0, 1100.42, 577.0, 0.15, 528.0, 2.93, 528.0, 0.00, 0.0
1.54, 578.0, 26.98, 578.0, 304.34, 578.0, 1106.09, 578.0, 0.16, 529.0, 3.04, 529.0, 0.00, 0.0
1.53, 579.0, 26.77, 579.0, 305.98, 579.0, 1112.06, 579.0, 0.16, 530.0, 3.16, 530.0, 0.00, 0.0
1.52, 580.0, 26.56, 580.0, 307.71, 580.0, 1118.34, 580.0, 0.17, 531.0, 3.29, 531.0, 0.00, 0.0
1.51, 581.0, 26.36, 581.0, 309.52, 581.0, 1124.93, 581.0, 0.18, 532.0, 3.43, 532.0, 0.00, 0.0
1.50, 582.0, 26.16, 582.0, 311.42, 582.0, 1131.85, 582.0, 0.18, 533.0, 3.58, 533.0, 0.00, 0.0
1.48, 583.0, 25.97, 583.0, 313.42, 583.0, 1139.10, 583.0, 0.19, 534.0, 3.75, 534.0, 0.00, 0.0
1.47, 584.0, 25.77, 584.0, 315.51, 584.0, 1146.70, 584.0, 0.20, 535.0, 3.94, 535.0, 0.00, 0.0
1.46, 585.0, 25.58, 585.0, 317.70, 585.0, 1154.65, 585.0, 0.21, 536.0, 4.15, 536.0, 0.00, 0.0
1.45, 586.0, 25.40, 586.0, 319.99, 586.0, 1162.97, 586.0, 0.23, 537.0, 4.38, 537.0, 0.00, 0.0
1.44, 587.0, 25.22, 587.0, 322.38, 587.0, 1171.66, 587.0, 0.24, 538.0, 4.64, 538.0, 0.00, 0.0
1.43, 588.0, 25.04, 588.0, 324.88, 588.0, 1180.74, 588.0, 0.25, 539.0, 4.93, 539.0, 0.00, 0.0
1.42, 589.0, 24.87, 589.0, 327.49, 589.0, 1190.23, 589.0, 0.27, 540.0, 5.26, 540.0, 0.00, 0.0
1.41, 590.0, 24.70, 590.0, 330.21, 590.0, 1200.13, 590.0, 0.29, 541.0, 5.63, 541.0, 0.00, 0.0
1.40, 591.0, 24.53, 591.0, 333.05, 591.0, 1210.46, 591.0, 0.31, 542.0, 6.05, 542.0, 0.00, 0.0
1.39, 592.0, 24.36, 592.0, 336.02, 592.0, 1221.23, 592.0, 0.34, 543.0, 6.53, 543.0, 0.00, 0.0
1.38, 593.0, 24.20, 593.0, 339.11, 593.0, 1232.46, 593.0, 0.37, 544.0, 7.09, 544.0, 0.00, 0.0
1.37, 594.0, 24.04, 594.0, 342.33, 594.0, 1244.17, 594.0, 0.40, 545.0, 7.73, 545.0, 0.00, 0.0
1.37, 595.0, 23.89, 595.0, 345.69, 595.0, 1256.37, 595.0, 0.44, 546.0, 8.49, 546.0, 0.00, 0.0
1.36, 596.0, 23.74, 596.0, 349.18, 596.0, 1269.09, 596.0, 0.48, 547.0, 9.39, 547.0, 0.00, 0.0
1.35, 597.0, 23.59, 597.0, 352.83, 597.0, 1282.34, 597.0, 0.54, 548.0, 10.47, 548.0, 0.00, 0.0
1.34, 598.0, 23.44, 598.0, 356.63, 598.0, 1296.13, 598.0, 0.61, 549.0, 11.77, 549.0, 0.00, 0.0
1.33, 599.0, 23.30, 599.0, 360.58, 599.0, 1310.51, 599.0, 0.69, 550.0, 13.37, 550.0, 0.00, 0.0
1.32, 600.0, 23.16, 600.0, 364.70, 600.0, 1325.48, 600.0, 0.79, 551.0, 15.38, 551.0, 0.00, 0.0
1.32, 601.0, 23.03, 601.0, 368.99, 601.0, 1341.07, 601.0, 0.92, 552.0, 17.93, 552.0, 0.00, 0.0
1.31, 602.0, 22.89, 602.0, 373.46, 602.0, 1357.31, 602.0, 1.10, 553.0, 21.26, 553.0, 0.00, 0.0
1.30, 603.0, 22.76, 603.0, 378.11, 603.0, 1374.22, 603.0, 1.33, 554.0, 25.72, 554.0, 0.00, 0.0
1.29, 604.0, 22.63, 604.0, 382.96, 604.0, 1391.83, 604.0, 1.64, 555.0, 31.90, 555.0, 0.00, 0.0
1.29, 605.0, 22.51, 605.0, 388.01, 605.0, 1410.18, 605.0, 2.10, 556.0, 40.84, 556.0, 0.00, 0.0
1.28, 606.0, 22.39, 606.0, 393.26, 606.0, 1429.29, 606.0, 2.81, 557.0, 54.48, 557.0, 0.00, 0.0
1.27, 607.0, 22.27, 607.0, 398.74, 607.0, 1449.21, 607.0, 3.96, 558.0, 76.89, 558.0, 0.00, 0.0
1.27, 608.0, 22.15, 608.0, 404.45, 608.0, 1469.96, 608.0, 6.07, 559.0, 117.75, 559.0, 0.00, 0.0
1.26, 609.0, 22.04, 609.0, 410.40, 609.0, 1491.58, 609.0, 10.57, 560.0, 205.20, 560.0, 0.00, 0.0
1.25, 610.0, 21.93, 610.0, 416.60, 610.0, 1514.12, 610.0, 23.32, 561.0, 452.58, 561.0, 0.00, 0.0
1.25, 611.0, 21.82, 611.0, 423.07, 611.0, 1537.62, 611.0, 0.00, 0.0, 0.00, 0.0, 0.00, 0.0
1.24, 612.0, 21.71, 612.0, 429.81, 612.0, 1562.13, 612.0, 0.00, 0.0, 0.00, 0.0, 0.00, 0.0
1.24, 613.0, 21.61, 613.0, 436.85, 613.0, 1587.69, 613.0, 0.00, 0.0, 0.00, 0.0, 0.00, 0.0
1.23, 614.0, 21.51, 614.0, 444.18, 614.0, 1614.36, 614.0, 0.00, 0.0, 0.00, 0.0, 0.00, 0.0
1.22, 615.0, 21.41, 615.0, 451.84, 615.0, 1642.19, 615.0, 0.00, 0.0, 0.00, 0.0, 0.00, 0.0
1.22, 616.0, 21.31, 616.0, 459.84, 616.0, 1671.24, 616.0, 0.00, 0.0, 0.00, 0.0, 0.00, 0.0
1.21, 617.0, 21.22, 617.0, 468.19, 617.0, 1701.59, 617.0, 0.00, 0.0, 0.00, 0.0, 0.00, 0.0
1.21, 618.0, 21.13, 618.0, 476.91, 618.0, 1733.29, 618.0, 0.00, 0.0, 0.00, 0.0, 0.00, 0.0
1.20, 619.0, 21.04, 619.0, 486.02, 619.0, 1766.42, 619.0, 0.00, 0.0, 0.00, 0.0, 0.00, 0.0
1.20, 620.0, 20.95, 620.0, 495.55, 620.0, 1801.05, 620.0, 0.00, 0.0, 0.00, 0.0, 0.00, 0.0
1.19, 621.0, 20.87, 621.0, 505.52, 621.0, 1837.28, 621.0, 0.00, 0.0, 0.00, 0.0, 0.00, 0.0
1.19, 622.0, 20.79, 622.0, 515.95, 622.0, 1875.18, 622.0, 0.00, 0.0, 0.00, 0.0, 0.00, 0.0
1.18, 623.0, 20.71, 623.0, 526.87, 623.0, 1914.87, 623.0, 0.00, 0.0, 0.00, 0.0, 0.00, 0.0
1.18, 624.0, 20.63, 624.0, 538.30, 624.0, 1956.43, 624.0, 0.00, 0.0, 0.00, 0.0, 0.00, 0.0
1.18, 625.0, 20.56, 625.0, 550.29, 625.0, 1999.98, 625.0, 0.00, 0.0, 0.00, 0.0, 0.00, 0.0
1.17, 626.0, 20.48, 626.0, 562.85, 626.0, 2045.64, 626.0, 0.00, 0.0, 0.00, 0.0, 0.00, 0.0
1.17, 627.0, 20.41, 627.0, 576.03, 627.0, 2093.55, 627.0, 0.00, 0.0, 0.00, 0.0, 0.00, 0.0
1.16, 628.0, 20.35, 628.0, 589.87, 628.0, 2143.83, 628.0, 0.00, 0.0, 0.00, 0.0, 0.00, 0.0
1.16, 629.0, 20.28, 629.0, 604.39, 629.0, 2196.63, 629.0, 0.00, 0.0, 0.00, 0.0, 0.00, 0.0
1.16, 630.0, 20.22, 630.0, 619.66, 630.0, 2252.13, 630.0, 0.00, 0.0, 0.00, 0.0, 0.00, 0.0
1.15, 631.0, 20.16, 631.0, 635.72, 631.0, 2310.48, 631.0, 0.00, 0.0, 0.00, 0.0, 0.00, 0.0
1.15, 632.0, 20.10, 632.0, 652.62, 632.0, 2371.90, 632.0, 0.00, 0.0, 0.00, 0.0, 0.00, 0.0
1.15, 633.0, 20.04, 633.0, 670.41, 633.0, 2436.57, 633.0, 0.00, 0.0, 0.00, 0.0, 0.00, 0.0
1.14, 634.0, 19.99, 634.0, 689.16, 634.0, 2504.72, 634.0, 0.00, 0.0, 0.00, 0.0, 0.00, 0.0
1.14, 635.0, 19.94, 635.0, 708.94, 635.0, 2576.59, 635.0, 0.00, 0.0, 0.00, 0.0, 0.00, 0.0
1.14, 636.0, 19.89, 636.0, 729.81, 636.0, 2652.45, 636.0, 0.00, 0.0, 0.00, 0.0, 0.00, 0.0
1.13, 637.0, 19.84, 637.0, 751.86, 637.0, 2732.59, 637.0, 0.00, 0.0, 0.00, 0.0, 0.00, 0.0
1.13, 638.0, 19.79, 638.0, 775.17, 638.0, 2817.31, 638.0, 0.00, 0.0, 0.00, 0.0, 0.00, 0.0
1.13, 639.0, 19.75, 639.0, 799.84, 639.0, 2906.96, 639.0, 0.00, 0.0, 0.00, 0.0, 0.00, 0.0
1.13, 640.0, 19.71, 640.0, 825.97, 640.0, 3001.92, 640.0, 0.00, 0.0, 0.00, 0.0, 0.00, 0.0
1.12, 641.0, 19.67, 641.0, 853.67, 641.0, 3102.59, 641.0, 0.00, 0.0, 0.00, 0.0, 0.00, 0.0
1.12, 642.0, 19.64, 642.0, 883.06, 642.0, 3209.43, 642.0, 0.00, 0.0, 0.00, 0.0, 0.00, 0.0
1.12, 643.0, 19.60, 643.0, 914.29, 643.0, 3322.93, 643.0, 0.00, 0.0, 0.00, 0.0, 0.00, 0.0
1.12, 644.0, 19.57, 644.0, 947.51, 644.0, 3443.64, 644.0, 0.00, 0.0, 0.00, 0.0, 0.00, 0.0
1.12, 645.0, 19.54, 645.0, 982.87, 645.0, 3572.16, 645.0, 0.00, 0.0, 0.00, 0.0, 0.00, 0.0
1.12, 646.0, 19.51, 646.0, 1020.56, 646.0, 3709.16, 646.0, 0.00, 0.0, 0.00, 0.0, 0.00, 0.0
1.11, 647.0, 19.49, 647.0, 1060.79, 647.0, 3855.37, 647.0, 0.00, 0.0, 0.00, 0.0, 0.00, 0.0
1.11, 648.0, 19.46, 648.0, 1103.78, 648.0, 4011.61, 648.0, 0.00, 0.0, 0.00, 0.0, 0.00, 0.0
1.11, 649.0, 19.44, 649.0, 1149.78, 649.0, 4178.80, 649.0, 0.00, 0.0, 0.00, 0.0, 0.00, 0.0
1.11, 650.0, 19.42, 650.0, 1199.07, 650.0, 4357.93, 650.0, 0.00, 0.0, 0.00, 0.0, 0.00, 0.0
1.11, 651.0, 19.41, 651.0, 1251.96, 651.0, 4550.16, 651.0, 0.00, 0.0, 0.00, 0.0, 0.00, 0.0
1.11, 652.0, 19.39, 652.0, 1308.80, 652.0, 4756.73, 652.0, 0.00, 0.0, 0.00, 0.0, 0.00, 0.0
1.11, 653.0, 19.38, 653.0, 1369.97, 653.0, 4979.08, 653.0, 0.00, 0.0, 0.00, 0.0, 0.00, 0.0
1.11, 654.0, 19.37, 654.0, 1435.93, 654.0, 5218.79, 654.0, 0.00, 0.0, 0.00, 0.0, 0.00, 0.0
1.11, 655.0, 19.36, 655.0, 1507.16, 655.0, 5477.67, 655.0, 0.00, 0.0, 0.00, 0.0, 0.00, 0.0
1.11, 656.0, 19.36, 656.0, 1584.22, 656.0, 5757.75, 656.0, 0.00, 0.0, 0.00, 0.0, 0.00, 0.0
1.11, 657.0, 19.36, 657.0, 1667.75, 657.0, 6061.34, 657.0, 0.00, 0.0, 0.00, 0.0, 0.00, 0.0
1.11, 658.0, 19.35, 658.0, 1758.47, 658.0, 6391.05, 658.0, 0.00, 0.0, 0.00, 0.0, 0.00, 0.0
1.11, 659.0, 19.36, 659.0, 1857.20, 659.0, 6749.87, 659.0, 0.00, 0.0, 0.00, 0.0, 0.00, 0.0
1.11, 660.0, 19.36, 660.0, 1964.88, 660.0, 7141.22, 660.0, 0.00, 0.0, 0.00, 0.0, 0.00, 0.0
1.11, 661.0, 19.37, 661.0, 2082.59, 661.0, 7569.02, 661.0, 0.00, 0.0, 0.00, 0.0, 0.00, 0.0
1.11, 662.0, 19.38, 662.0, 2211.56, 662.0, 8037.78, 662.0, 0.00, 0.0, 0.00, 0.0, 0.00, 0.0
1.11, 663.0, 19.39, 663.0, 2353.25, 663.0, 8552.72, 663.0, 0.00, 0.0, 0.00, 0.0, 0.00, 0.0
1.11, 664.0, 19.40, 664.0, 2509.30, 664.0, 9119.89, 664.0, 0.00, 0.0, 0.00, 0.0, 0.00, 0.0
1.11, 665.0, 19.42, 665.0, 2681.67, 665.0, 9746.34, 665.0, 0.00, 0.0, 0.00, 0.0, 0.00, 0.0
1.11, 666.0, 19.43, 666.0, 2872.61, 666.0, 10440.32, 666.0, 0.00, 0.0, 0.00, 0.0, 0.00, 0.0
1.11, 667.0, 19.46, 667.0, 3084.81, 667.0, 11211.52, 667.0, 0.00, 0.0, 0.00, 0.0, 0.00, 0.0
1.11, 668.0, 19.48, 668.0, 3321.40, 668.0, 12071.40, 668.0, 0.00, 0.0, 0.00, 0.0, 0.00, 0.0
1.12, 669.0, 19.51, 669.0, 3586.12, 669.0, 13033.52, 669.0, 0.00, 0.0, 0.00, 0.0, 0.00, 0.0
1.12, 670.0, 19.53, 670.0, 3883.44, 670.0, 14114.11, 670.0, 0.00, 0.0, 0.00, 0.0, 0.00, 0.0
1.12, 671.0, 19.56, 671.0, 4218.71, 671.0, 15332.61, 671.0, 0.00, 0.0, 0.00, 0.0, 0.00, 0.0
1.12, 672.0, 19.60, 672.0, 4598.38, 672.0, 16712.49, 672.0, 0.00, 0.0, 0.00, 0.0, 0.00, 0.0
1.12, 673.0, 19.64, 673.0, 5030.30, 673.0, 18282.30, 673.0, 0.00, 0.0, 0.00, 0.0, 0.00, 0.0
1.12, 674.0, 19.67, 674.0, 5524.09, 674.0, 20076.94, 674.0, 0.00, 0.0, 0.00, 0.0, 0.00, 0.0
1.13, 675.0, 19.72, 675.0, 6091.59, 675.0, 22139.45, 675.0, 0.00, 0.0, 0.00, 0.0, 0.00, 0.0
1.13, 676.0, 19.76, 676.0, 6747.50, 676.0, 24523.31, 676.0, 0.00, 0.0, 0.00, 0.0, 0.00, 0.0
1.13, 677.0, 19.81, 677.0, 7510.26, 677.0, 27295.54, 677.0, 0.00, 0.0, 0.00, 0.0, 0.00, 0.0
1.14, 678.0, 19.86, 678.0, 8403.22, 678.0, 30540.93, 678.0, 0.00, 0.0, 0.00, 0.0, 0.00, 0.0
1.14, 679.0, 19.91, 679.0, 9456.18, 679.0, 34367.83, 679.0, 0.00, 0.0, 0.00, 0.0, 0.00, 0.0
1.14, 680.0, 19.97, 680.0, 10707.65, 680.0, 38916.21, 680.0, 0.00, 0.0, 0.00, 0.0, 0.00, 0.0
1.14, 681.0, 20.03, 681.0, 12207.99, 681.0, 44369.09, 681.0, 0.00, 0.0, 0.00, 0.0, 0.00, 0.0
1.15, 682.0, 20.09, 682.0, 14023.92, 682.0, 50968.96, 682.0, 0.00, 0.0, 0.00, 0.0, 0.00, 0.0
1.15, 683.0, 20.15, 683.0, 16245.10, 683.0, 59041.71, 683.0, 0.00, 0.0, 0.00, 0.0, 0.00, 0.0
1.16, 684.0, 20.22, 684.0, 18994.02, 684.0, 69032.45, 684.0, 0.00, 0.0, 0.00, 0.0, 0.00, 0.0
1.16, 685.0, 20.29, 685.0, 22440.94, 685.0, 81560.05, 685.0, 0.00, 0.0, 0.00, 0.0, 0.00, 0.0
1.16, 686.0, 20.37, 686.0, 26827.37, 686.0, 97502.26, 686.0, 0.00, 0.0, 0.00, 0.0, 0.00, 0.0
1.17, 687.0, 20.45, 687.0, 32503.68, 687.0, 118132.40, 687.0, 0.00, 0.0, 0.00, 0.0, 0.00, 0.0
1.17, 688.0, 20.53, 688.0, 39991.24, 688.0, 145345.42, 688.0, 0.00, 0.0, 0.00, 0.0, 0.00, 0.0
1.18, 689.0, 20.61, 689.0, 50089.08, 689.0, 182045.32, 689.0, 0.00, 0.0, 0.00, 0.0, 0.00, 0.0
1.18, 690.0, 20.70, 690.0, 64064.00, 690.0, 232836.23, 690.0, 0.00, 0.0, 0.00, 0.0, 0.00, 0.0
1.19, 691.0, 20.80, 691.0, 84006.12, 691.0, 305314.52, 691.0, 0.00, 0.0, 0.00, 0.0, 0.00, 0.0
1.19, 692.0, 20.89, 692.0, 113531.32, 692.0, 412621.82, 692.0, 0.00, 0.0, 0.00, 0.0, 0.00, 0.0
1.20, 693.0, 20.99, 693.0, 159264.47, 693.0, 578835.84, 693.0, 0.00, 0.0, 0.00, 0.0, 0.00, 0.0
1.21, 694.0, 21.09, 694.0, 234236.06, 694.0, 851314.95, 694.0, 0.00, 0.0, 0.00, 0.0, 0.00, 0.0
1.21, 695.0, 21.20, 695.0, 366493.64, 695.0, 1331996.07, 695.0, 0.00, 0.0, 0.00, 0.0, 0.00, 0.0
1.22, 696.0, 21.31, 696.0, 624016.05, 696.0, 2267943.67, 696.0, 0.00, 0.0, 0.00, 0.0, 0.00, 0.0
1.23, 697.0, 21.43, 697.0, 1200949.11, 697.0, 4364767.44, 697.0, 0.00, 0.0, 0.00, 0.0, 0.00, 0.0
1.23, 698.0, 21.55, 698.0, 2805128.78, 698.0, 10195048.81, 698.0, 0.00, 0.0, 0.00, 0.0, 0.00, 0.0
1.24, 699.0, 21.67, 699.0, 9329357.10, 699.0, 33906910.62, 699.0, 0.00, 0.0, 0.00, 0.0, 0.00, 0.0
1.25, 700.0, 21.80, 700.0, 0.00, 0.0, 0.00, 0.0, 0.00, 0.0, 0.00, 0.0, 0.00, 0.0
1.25, 701.0, 21.94, 701.0, 0.00, 0.0, 0.00, 0.0, 0.00, 0.0, 0.00, 0.0, 0.00, 0.0
1.26, 702.0, 22.07, 702.0, 0.00, 0.0, 0.00, 0.0, 0.00, 0.0, 0.00, 0.0, 0.00, 0.0
1.27, 703.0, 22.22, 703.0, 0.00, 0.0, 0.00, 0.0, 0.00, 0.0, 0.00, 0.0, 0.00, 0.0
1.28, 704.0, 22.36, 704.0, 0.00, 0.0, 0.00, 0.0, 0.00, 0.0, 0.00, 0.0, 0.00, 0.0
1.29, 705.0, 22.52, 705.0, 0.00, 0.0, 0.00, 0.0, 0.00, 0.0, 0.00, 0.0, 0.00, 0.0
1.30, 706.0, 22.67, 706.0, 0.00, 0.0, 0.00, 0.0, 0.00, 0.0, 0.00, 0.0, 0.00, 0.0
1.31, 707.0, 22.84, 707.0, 0.00, 0.0, 0.00, 0.0, 0.00, 0.0, 0.00, 0.0, 0.00, 0.0
1.32, 708.0, 23.00, 708.0, 0.00, 0.0, 0.00, 0.0, 0.00, 0.0, 0.00, 0.0, 0.00, 0.0
1.33, 709.0, 23.18, 709.0, 0.00, 0.0, 0.00, 0.0, 0.00, 0.0, 0.00, 0.0, 0.00, 0.0
1.34, 710.0, 23.36, 710.0, 0.00, 0.0, 0.00, 0.0, 0.00, 0.0, 0.00, 0.0, 0.00, 0.0
1.35, 711.0, 23.54, 711.0, 0.00, 0.0, 0.00, 0.0, 0.00, 0.0, 0.00, 0.0, 0.00, 0.0
1.36, 712.0, 23.74, 712.0, 0.00, 0.0, 0.00, 0.0, 0.00, 0.0, 0.00, 0.0, 0.00, 0.0
1.37, 713.0, 23.93, 713.0, 0.00, 0.0, 0.00, 0.0, 0.00, 0.0, 0.00, 0.0, 0.00, 0.0
1.38, 714.0, 24.14, 714.0, 0.00, 0.0, 0.00, 0.0, 0.00, 0.0, 0.00, 0.0, 0.00, 0.0
1.39, 715.0, 24.35, 715.0, 0.00, 0.0, 0.00, 0.0, 0.00, 0.0, 0.00, 0.0, 0.00, 0.0
1.40, 716.0, 24.57, 716.0, 0.00, 0.0, 0.00, 0.0, 0.00, 0.0, 0.00, 0.0, 0.00, 0.0
1.42, 717.0, 24.79, 717.0, 0.00, 0.0, 0.00, 0.0, 0.00, 0.0, 0.00, 0.0, 0.00, 0.0
1.43, 718.0, 25.03, 718.0, 0.00, 0.0, 0.00, 0.0, 0.00, 0.0, 0.00, 0.0, 0.00, 0.0
1.44, 719.0, 25.27, 719.0, 0.00, 0.0, 0.00, 0.0, 0.00, 0.0, 0.00, 0.0, 0.00, 0.0
1.46, 720.0, 25.51, 720.0, 0.00, 0.0, 0.00, 0.0, 0.00, 0.0, 0.00, 0.0, 0.00, 0.0
1.47, 721.0, 25.77, 721.0, 0.00, 0.0, 0.00, 0.0, 0.00, 0.0, 0.00, 0.0, 0.00, 0.0
1.49, 722.0, 26.04, 722.0, 0.00, 0.0, 0.00, 0.0, 0.00, 0.0, 0.00, 0.0, 0.00, 0.0
1.50, 723.0, 26.31, 723.0, 0.00, 0.0, 0.00, 0.0, 0.00, 0.0, 0.00, 0.0, 0.00, 0.0
1.52, 724.0, 26.59, 724.0, 0.00, 0.0, 0.00, 0.0, 0.00, 0.0, 0.00, 0.0, 0.00, 0.0
1.54, 725.0, 26.88, 725.0, 0.00, 0.0, 0.00, 0.0, 0.00, 0.0, 0.00, 0.0, 0.00, 0.0
1.55, 726.0, 27.18, 726.0, 0.00, 0.0, 0.00, 0.0, 0.00, 0.0, 0.00, 0.0, 0.00, 0.0
1.57, 727.0, 27.49, 727.0, 0.00, 0.0, 0.00, 0.0, 0.00, 0.0, 0.00, 0.0, 0.00, 0.0
1.59, 728.0, 27.81, 728.0, 0.00, 0.0, 0.00, 0.0, 0.00, 0.0, 0.00, 0.0, 0.00, 0.0
1.61, 729.0, 28.15, 729.0, 0.00, 0.0, 0.00, 0.0, 0.00, 0.0, 0.00, 0.0, 0.00, 0.0
1.63, 730.0, 28.49, 730.0, 0.00, 0.0, 0.00, 0.0, 0.00, 0.0, 0.00, 0.0, 0.00, 0.0
1.65, 731.0, 28.84, 731.0, 0.00, 0.0, 0.00, 0.0, 0.00, 0.0, 0.00, 0.0, 0.00, 0.0
1.67, 732.0, 29.21, 732.0, 0.00, 0.0, 0.00, 0.0, 0.00, 0.0, 0.00, 0.0, 0.00, 0.0
1.69, 733.0, 29.59, 733.0, 0.00, 0.0, 0.00, 0.0, 0.00, 0.0, 0.00, 0.0, 0.00, 0.0
1.71, 734.0, 29.98, 734.0, 0.00, 0.0, 0.00, 0.0, 0.00, 0.0, 0.00, 0.0, 0.00, 0.0
1.74, 735.0, 30.38, 735.0, 0.00, 0.0, 0.00, 0.0, 0.00, 0.0, 0.00, 0.0, 0.00, 0.0
1.76, 736.0, 30.80, 736.0, 0.00, 0.0, 0.00, 0.0, 0.00, 0.0, 0.00, 0.0, 0.00, 0.0
1.79, 737.0, 31.24, 737.0, 0.00, 0.0, 0.00, 0.0, 0.00, 0.0, 0.00, 0.0, 0.00, 0.0
1.81, 738.0, 31.68, 738.0, 0.00, 0.0, 0.00, 0.0, 0.00, 0.0, 0.00, 0.0, 0.00, 0.0
1.84, 739.0, 32.15, 739.0, 0.00, 0.0, 0.00, 0.0, 0.00, 0.0, 0.00, 0.0, 0.00, 0.0
1.87, 740.0, 32.63, 740.0, 0.00, 0.0, 0.00, 0.0, 0.00, 0.0, 0.00, 0.0, 0.00, 0.0
1.89, 741.0, 33.12, 741.0, 0.00, 0.0, 0.00, 0.0, 0.00, 0.0, 0.00, 0.0, 0.00, 0.0
1.92, 742.0, 33.64, 742.0, 0.00, 0.0, 0.00, 0.0, 0.00, 0.0, 0.00, 0.0, 0.00, 0.0
1.95, 743.0, 34.17, 743.0, 0.00, 0.0, 0.00, 0.0, 0.00, 0.0, 0.00, 0.0, 0.00, 0.0
1.99, 744.0, 34.73, 744.0, 0.00, 0.0, 0.00, 0.0, 0.00, 0.0, 0.00, 0.0, 0.00, 0.0
2.02, 745.0, 35.30, 745.0, 0.00, 0.0, 0.00, 0.0, 0.00, 0.0, 0.00, 0.0, 0.00, 0.0
2.05, 746.0, 35.89, 746.0, 0.00, 0.0, 0.00, 0.0, 0.00, 0.0, 0.00, 0.0, 0.00, 0.0
2.09, 747.0, 36.51, 747.0, 0.00, 0.0, 0.00, 0.0, 0.00, 0.0, 0.00, 0.0, 0.00, 0.0
2.12, 748.0, 37.15, 748.0, 0.00, 0.0, 0.00, 0.0, 0.00, 0.0, 0.00, 0.0, 0.00, 0.0
2.16, 749.0, 37.81, 749.0, 0.00, 0.0, 0.00, 0.0, 0.00, 0.0, 0.00, 0.0, 0.00, 0.0
2.20, 750.0, 38.50, 750.0, 0.00, 0.0, 0.00, 0.0, 0.00, 0.0, 0.00, 0.0, 0.00, 0.0
2.24, 751.0, 39.21, 751.0, 0.00, 0.0, 0.00, 0.0, 0.00, 0.0, 0.00, 0.0, 0.00, 0.0
2.28, 752.0, 39.96, 752.0, 0.00, 0.0, 0.00, 0.0, 0.00, 0.0, 0.00, 0.0, 0.00, 0.0
2.33, 753.0, 40.73, 753.0, 0.00, 0.0, 0.00, 0.0, 0.00, 0.0, 0.00, 0.0, 0.00, 0.0
2.37, 754.0, 41.53, 754.0, 0.00, 0.0, 0.00, 0.0, 0.00, 0.0, 0.00, 0.0, 0.00, 0.0
2.42, 755.0, 42.36, 755.0, 0.00, 0.0, 0.00, 0.0, 0.00, 0.0, 0.00, 0.0, 0.00, 0.0
2.47, 756.0, 43.23, 756.0, 0.00, 0.0, 0.00, 0.0, 0.00, 0.0, 0.00, 0.0, 0.00, 0.0
2.52, 757.0, 44.13, 757.0, 0.00, 0.0, 0.00, 0.0, 0.00, 0.0, 0.00, 0.0, 0.00, 0.0
2.58, 758.0, 45.08, 758.0, 0.00, 0.0, 0.00, 0.0, 0.00, 0.0, 0.00, 0.0, 0.00, 0.0
2.63, 759.0, 46.06, 759.0, 0.00, 0.0, 0.00, 0.0, 0.00, 0.0, 0.00, 0.0, 0.00, 0.0
2.69, 760.0, 47.08, 760.0, 0.00, 0.0, 0.00, 0.0, 0.00, 0.0, 0.00, 0.0, 0.00, 0.0
2.75, 761.0, 48.14, 761.0, 0.00, 0.0, 0.00, 0.0, 0.00, 0.0, 0.00, 0.0, 0.00, 0.0
2.82, 762.0, 49.25, 762.0, 0.00, 0.0, 0.00, 0.0, 0.00, 0.0, 0.00, 0.0, 0.00, 0.0
2.88, 763.0, 50.41, 763.0, 0.00, 0.0, 0.00, 0.0, 0.00, 0.0, 0.00, 0.0, 0.00, 0.0
2.95, 764.0, 51.63, 764.0, 0.00, 0.0, 0.00, 0.0, 0.00, 0.0, 0.00, 0.0, 0.00, 0.0
3.02, 765.0, 52.89, 765.0, 0.00, 0.0, 0.00, 0.0, 0.00, 0.0, 0.00, 0.0, 0.00, 0.0
3.10, 766.0, 54.22, 766.0, 0.00, 0.0, 0.00, 0.0, 0.00, 0.0, 0.00, 0.0, 0.00, 0.0
3.18, 767.0, 55.60, 767.0, 0.00, 0.0, 0.00, 0.0, 0.00, 0.0, 0.00, 0.0, 0.00, 0.0
3.26, 768.0, 57.05, 768.0, 0.00, 0.0, 0.00, 0.0, 0.00, 0.0, 0.00, 0.0, 0.00, 0.0
3.35, 769.0, 58.57, 769.0, 0.00, 0.0, 0.00, 0.0, 0.00, 0.0, 0.00, 0.0, 0.00, 0.0
3.44, 770.0, 60.16, 770.0, 0.00, 0.0, 0.00, 0.0, 0.00, 0.0, 0.00, 0.0, 0.00, 0.0
3.53, 771.0, 61.82, 771.0, 0.00, 0.0, 0.00, 0.0, 0.00, 0.0, 0.00, 0.0, 0.00, 0.0
3.63, 772.0, 63.57, 772.0, 0.00, 0.0, 0.00, 0.0, 0.00, 0.0, 0.00, 0.0, 0.00, 0.0
3.74, 773.0, 65.41, 773.0, 0.00, 0.0, 0.00, 0.0, 0.00, 0.0, 0.00, 0.0, 0.00, 0.0
3.85, 774.0, 67.34, 774.0, 0.00, 0.0, 0.00, 0.0, 0.00, 0.0, 0.00, 0.0, 0.00, 0.0
3.97, 775.0, 69.37, 775.0, 0.00, 0.0, 0.00, 0.0, 0.00, 0.0, 0.00, 0.0, 0.00, 0.0
4.09, 776.0, 71.51, 776.0, 0.00, 0.0, 0.00, 0.0, 0.00, 0.0, 0.00, 0.0, 0.00, 0.0
4.22, 777.0, 73.76, 777.0, 0.00, 0.0, 0.00, 0.0, 0.00, 0.0, 0.00, 0.0, 0.00, 0.0
4.35, 778.0, 76.13, 778.0, 0.00, 0.0, 0.00, 0.0, 0.00, 0.0, 0.00, 0.0, 0.00, 0.0
4.50, 779.0, 78.63, 779.0, 0.00, 0.0, 0.00, 0.0, 0.00, 0.0, 0.00, 0.0, 0.00, 0.0
4.65, 780.0, 81.27, 780.0, 0.00, 0.0, 0.00, 0.0, 0.00, 0.0, 0.00, 0.0, 0.00, 0.0
4.81, 781.0, 84.06, 781.0, 0.00, 0.0, 0.00, 0.0, 0.00, 0.0, 0.00, 0.0, 0.00, 0.0
4.97, 782.0, 87.02, 782.0, 0.00, 0.0, 0.00, 0.0, 0.00, 0.0, 0.00, 0.0, 0.00, 0.0
5.15, 783.0, 90.14, 783.0, 0.00, 0.0, 0.00, 0.0, 0.00, 0.0, 0.00, 0.0, 0.00, 0.0
5.34, 784.0, 93.45, 784.0, 0.00, 0.0, 0.00, 0.0, 0.00, 0.0, 0.00, 0.0, 0.00, 0.0
5.54, 785.0, 96.96, 785.0, 0.00, 0.0, 0.00, 0.0, 0.00, 0.0, 0.00, 0.0, 0.00, 0.0
5.76, 786.0, 100.69, 786.0, 0.00, 0.0, 0.00, 0.0, 0.00, 0.0, 0.00, 0.0, 0.00, 0.0
5.98, 787.0, 104.66, 787.0, 0.00, 0.0, 0.00, 0.0, 0.00, 0.0, 0.00, 0.0, 0.00, 0.0
6.22, 788.0, 108.88, 788.0, 0.00, 0.0, 0.00, 0.0, 0.00, 0.0, 0.00, 0.0, 0.00, 0.0
6.48, 789.0, 113.37, 789.0, 0.00, 0.0, 0.00, 0.0, 0.00, 0.0, 0.00, 0.0, 0.00, 0.0
6.76, 790.0, 118.17, 790.0, 0.00, 0.0, 0.00, 0.0, 0.00, 0.0, 0.00, 0.0, 0.00, 0.0
7.05, 791.0, 123.29, 791.0, 0.00, 0.0, 0.00, 0.0, 0.00, 0.0, 0.00, 0.0, 0.00, 0.0
7.36, 792.0, 128.76, 792.0, 0.00, 0.0, 0.00, 0.0, 0.00, 0.0, 0.00, 0.0, 0.00, 0.0
7.70, 793.0, 134.63, 793.0, 0.00, 0.0, 0.00, 0.0, 0.00, 0.0, 0.00, 0.0, 0.00, 0.0
8.06, 794.0, 140.92, 794.0, 0.00, 0.0, 0.00, 0.0, 0.00, 0.0, 0.00, 0.0, 0.00, 0.0
8.44, 795.0, 147.67, 795.0, 0.00, 0.0, 0.00, 0.0, 0.00, 0.0, 0.00, 0.0, 0.00, 0.0
8.86, 796.0, 154.93, 796.0, 0.00, 0.0, 0.00, 0.0, 0.00, 0.0, 0.00, 0.0, 0.00, 0.0
9.31, 797.0, 162.76, 797.0, 0.00, 0.0, 0.00, 0.0, 0.00, 0.0, 0.00, 0.0, 0.00, 0.0
9.79, 798.0, 171.20, 798.0, 0.00, 0.0, 0.00, 0.0, 0.00, 0.0, 0.00, 0.0, 0.00, 0.0
10.31, 799.0, 180.33, 799.0, 0.00, 0.0, 0.00, 0.0, 0.00, 0.0, 0.00, 0.0, 0.00, 0.0
10.87, 800.0, 190.21, 800.0, 0.00, 0.0, 0.00, 0.0, 0.00, 0.0, 0.00, 0.0, 0.00, 0.0
11.49, 801.0, 200.93, 801.0, 0.00, 0.0, 0.00, 0.0, 0.00, 0.0, 0.00, 0.0, 0.00, 0.0
12.15, 802.0, 212.59, 802.0, 0.00, 0.0, 0.00, 0.0, 0.00, 0.0, 0.00, 0.0, 0.00, 0.0
12.88, 803.0, 225.28, 803.0, 0.00, 0.0, 0.00, 0.0, 0.00, 0.0, 0.00, 0.0, 0.00, 0.0
13.67, 804.0, 239.14, 804.0, 0.00, 0.0, 0.00, 0.0, 0.00, 0.0, 0.00, 0.0, 0.00, 0.0
14.54, 805.0, 254.30, 805.0, 0.00, 0.0, 0.00, 0.0, 0.00, 0.0, 0.00, 0.0, 0.00, 0.0
15.49, 806.0, 270.92, 806.0, 0.00, 0.0, 0.00, 0.0, 0.00, 0.0, 0.00, 0.0, 0.00, 0.0
16.53, 807.0, 289.20, 807.0, 0.00, 0.0, 0.00, 0.0, 0.00, 0.0, 0.00, 0.0, 0.00, 0.0
17.69, 808.0, 309.35, 808.0, 0.00, 0.0, 0.00, 0.0, 0.00, 0.0, 0.00, 0.0, 0.00, 0.0
18.96, 809.0, 331.62, 809.0, 0.00, 0.0, 0.00, 0.0, 0.00, 0.0, 0.00, 0.0, 0.00, 0.0
20.37, 810.0, 356.31, 810.0, 0.00, 0.0, 0.00, 0.0, 0.00, 0.0, 0.00, 0.0, 0.00, 0.0
21.94, 811.0, 383.76, 811.0, 0.00, 0.0, 0.00, 0.0, 0.00, 0.0, 0.00, 0.0, 0.00, 0.0
23.69, 812.0, 414.39, 812.0, 0.00, 0.0, 0.00, 0.0, 0.00, 0.0, 0.00, 0.0, 0.00, 0.0
25.65, 813.0, 448.68, 813.0, 0.00, 0.0, 0.00, 0.0, 0.00, 0.0, 0.00, 0.0, 0.00, 0.0
27.86, 814.0, 487.21, 814.0, 0.00, 0.0, 0.00, 0.0, 0.00, 0.0, 0.00, 0.0, 0.00, 0.0
30.34, 815.0, 530.68, 815.0, 0.00, 0.0, 0.00, 0.0, 0.00, 0.0, 0.00, 0.0, 0.00, 0.0
33.16, 816.0, 579.93, 816.0, 0.00, 0.0, 0.00, 0.0, 0.00, 0.0, 0.00, 0.0, 0.00, 0.0
36.36, 817.0, 635.96, 817.0, 0.00, 0.0, 0.00, 0.0, 0.00, 0.0, 0.00, 0.0, 0.00, 0.0
40.02, 818.0, 700.03, 818.0, 0.00, 0.0, 0.00, 0.0, 0.00, 0.0, 0.00, 0.0, 0.00, 0.0
44.23, 819.0, 773.67, 819.0, 0.00, 0.0, 0.00, 0.0, 0.00, 0.0, 0.00, 0.0, 0.00, 0.0
49.10, 820.0, 858.76, 820.0, 0.00, 0.0, 0.00, 0.0, 0.00, 0.0, 0.00, 0.0, 0.00, 0.0
54.75, 821.0, 957.69, 821.0, 0.00, 0.0, 0.00, 0.0, 0.00, 0.0, 0.00, 0.0, 0.00, 0.0
61.37, 822.0, 1073.45, 822.0, 0.00, 0.0, 0.00, 0.0, 0.00, 0.0, 0.00, 0.0, 0.00, 0.0
69.17, 823.0, 1209.87, 823.0, 0.00, 0.0, 0.00, 0.0, 0.00, 0.0, 0.00, 0.0, 0.00, 0.0
78.43, 824.0, 1371.84, 824.0, 0.00, 0.0, 0.00, 0.0, 0.00, 0.0, 0.00, 0.0, 0.00, 0.0
89.52, 825.0, 1565.80, 825.0, 0.00, 0.0, 0.00, 0.0, 0.00, 0.0, 0.00, 0.0, 0.00, 0.0
102.92, 826.0, 1800.20, 826.0, 0.00, 0.0, 0.00, 0.0, 0.00, 0.0, 0.00, 0.0, 0.00, 0.0
119.28, 827.0, 2086.35, 827.0, 0.00, 0.0, 0.00, 0.0, 0.00, 0.0, 0.00, 0.0, 0.00, 0.0
139.48, 828.0, 2439.66, 828.0, 0.00, 0.0, 0.00, 0.0, 0.00, 0.0, 0.00, 0.0, 0.00, 0.0
164.74, 829.0, 2881.40, 829.0, 0.00, 0.0, 0.00, 0.0, 0.00, 0.0, 0.00, 0.0, 0.00, 0.0
196.76, 830.0, 3441.56, 830.0, 0.00, 0.0, 0.00, 0.0, 0.00, 0.0, 0.00, 0.0, 0.00, 0.0
238.03, 831.0, 4163.31, 831.0, 0.00, 0.0, 0.00, 0.0, 0.00, 0.0, 0.00, 0.0, 0.00, 0.0
292.17, 832.0, 5110.37, 832.0, 0.00, 0.0, 0.00, 0.0, 0.00, 0.0, 0.00, 0.0, 0.00, 0.0
364.73, 833.0, 6379.39, 833.0, 0.00, 0.0, 0.00, 0.0, 0.00, 0.0, 0.00, 0.0, 0.00, 0.0
464.34, 834.0, 8121.77, 834.0, 0.00, 0.0, 0.00, 0.0, 0.00, 0.0, 0.00, 0.0, 0.00, 0.0
605.10, 835.0, 10583.78, 835.0, 0.00, 0.0, 0.00, 0.0, 0.00, 0.0, 0.00, 0.0, 0.00, 0.0
810.94, 836.0, 14184.09, 836.0, 0.00, 0.0, 0.00, 0.0, 0.00, 0.0, 0.00, 0.0, 0.00, 0.0
1124.79, 837.0, 19673.50, 837.0, 0.00, 0.0, 0.00, 0.0, 0.00, 0.0, 0.00, 0.0, 0.00, 0.0
1628.81, 838.0, 28489.29, 838.0, 0.00, 0.0, 0.00, 0.0, 0.00, 0.0, 0.00, 0.0, 0.00, 0.0
2493.79, 839.0, 43618.52, 839.0, 0.00, 0.0, 0.00, 0.0, 0.00, 0.0, 0.00, 0.0, 0.00, 0.0
4114.56, 840.0, 71967.07, 840.0, 0.00, 0.0, 0.00, 0.0, 0.00, 0.0, 0.00, 0.0, 0.00, 0.0
7545.70, 841.0, 131980.63, 841.0, 0.00, 0.0, 0.00, 0.0, 0.00, 0.0, 0.00, 0.0, 0.00, 0.0
16255.97, 842.0, 284330.46, 842.0, 0.00, 0.0, 0.00, 0.0, 0.00, 0.0, 0.00, 0.0, 0.00, 0.0
46141.28, 843.0, 807049.50, 843.0, 0.00, 0.0, 0.00, 0.0, 0.00, 0.0, 0.00, 0.0, 0.00, 0.0
235258.81, 844.0, 4114873.31, 844.0, 0.00, 0.0, 0.00, 0.0, 0.00, 0.0, 0.00, 0.0, 0.00, 0.0
 
 
 ============================================      CCT data     ====================================
 
     Ferrite-nuc,, Ferrite-comp,, Pearlite-nuc,, Pearlite-comp,, Bainite-nuc,, Bainite-comp,, Martensite-nuc
Time (sec), Temp (C) |,Time (sec), Temp (C) |,Time (sec), Temp (C) |,Time (sec), Temp (C) |,Time (sec), Temp (C) |,Time (sec), Temp (C) |,Time (sec), Temp (C) |,
2.142, 563.0, 38.872, 592.0, 1053.439, 524.0, 3615.530, 514.0, 0.664, 477.0, 14.665, 484.0, 0.001, 464.0
2.272, 602.0, 42.240, 621.0, 1206.820, 541.0, 4113.253, 534.0, 0.780, 486.0, 17.301, 491.0, 12.486, 464.0
2.478, 629.0, 46.677, 643.0, 1391.551, 555.0, 4733.058, 549.0, 0.920, 493.0, 20.405, 498.0, 0.000, 0.0
2.754, 649.0, 52.074, 661.0, 1521.688, 563.0, 5468.710, 562.0, 1.087, 499.0, 24.181, 503.0, 0.000, 0.0
3.080, 666.0, 58.550, 676.0, 1521.688, 563.0, 6348.248, 573.0, 1.288, 504.0, 28.650, 508.0, 0.000, 0.0
3.474, 680.0, 66.164, 689.0, 1766.245, 574.0, 7407.587, 582.0, 1.526, 509.0, 33.941, 513.0, 0.000, 0.0
3.940, 692.0, 75.238, 700.0, 2060.800, 583.0, 8636.733, 591.0, 1.808, 514.0, 40.307, 517.0, 0.000, 0.0
4.477, 703.0, 85.749, 710.0, 2410.354, 591.0, 10128.532, 598.0, 2.153, 517.0, 47.988, 520.0, 0.000, 0.0
4.712, 707.0, 97.998, 719.0, 2817.296, 599.0, 11871.582, 605.0, 2.416, 520.0, 57.130, 523.0, 0.000, 0.0
5.389, 716.0, 112.372, 727.0, 3313.141, 605.0, 13955.166, 611.0, 2.876, 523.0, 68.009, 526.0, 0.000, 0.0
6.149, 725.0, 129.358, 734.0, 3894.631, 611.0, 16455.466, 616.0, 3.424, 526.0, 80.955, 529.0, 0.000, 0.0
7.082, 732.0, 148.644, 741.0, 4576.191, 617.0, 19327.904, 622.0, 4.087, 528.0, 96.621, 531.0, 0.000, 0.0
8.142, 739.0, 171.599, 747.0, 5394.063, 622.0, 22858.561, 626.0, 4.864, 531.0, 115.315, 533.0, 0.000, 0.0
9.404, 745.0, 197.791, 753.0, 6356.037, 627.0, 27028.365, 630.0, 5.805, 533.0, 137.621, 535.0, 0.000, 0.0
10.845, 751.0, 229.220, 758.0, 7515.079, 631.0, 31951.747, 634.0, 6.928, 535.0, 164.238, 537.0, 0.000, 0.0
12.574, 756.0, 265.311, 763.0, 8883.497, 635.0, 37763.348, 638.0, 8.268, 537.0, 195.997, 539.0, 0.000, 0.0
14.561, 761.0, 309.009, 767.0, 10539.057, 638.0, 44621.519, 642.0, 8.859, 538.0, 233.890, 541.0, 0.000, 0.0
16.840, 766.0, 356.765, 772.0, 12453.047, 642.0, 52920.774, 645.0, 10.601, 539.0, 279.884, 542.0, 0.000, 0.0
19.601, 770.0, 414.634, 776.0, 14769.217, 645.0, 62754.871, 648.0, 12.651, 541.0, 334.920, 543.0, 0.000, 0.0
22.791, 774.0, 485.425, 779.0, 17513.733, 648.0, 74405.775, 651.0, 15.138, 542.0, 399.646, 545.0, 0.000, 0.0
26.474, 778.0, 534.402, 781.0, 20765.286, 651.0, 88566.875, 653.0, 18.064, 544.0, 478.220, 546.0, 0.000, 0.0
30.719, 782.0, 534.402, 781.0, 24717.389, 653.0, 104984.149, 656.0, 21.616, 545.0, 572.238, 547.0, 0.000, 0.0
35.918, 785.0, 619.544, 785.0, 29299.149, 656.0, 124944.098, 658.0, 25.866, 546.0, 684.735, 548.0, 0.000, 0.0
41.967, 788.0, 723.889, 788.0, 34869.605, 658.0, 148688.661, 660.0, 30.951, 547.0, 819.341, 549.0, 0.000, 0.0
48.999, 791.0, 845.189, 791.0, 41496.277, 660.0, 176933.286, 662.0, 37.036, 548.0, 980.400, 550.0, 0.000, 0.0
57.166, 794.0, 986.054, 794.0, 49378.833, 662.0, 210528.213, 664.0, 44.316, 549.0, 1173.110, 551.0, 0.000, 0.0
67.292, 796.0, 1160.726, 796.0, 58754.561, 664.0, 250483.781, 666.0, 53.028, 550.0, 1407.731, 551.0, 0.000, 0.0
78.399, 799.0, 1352.302, 799.0, 69905.426, 666.0, 298000.446, 668.0, 63.451, 551.0, 1571.505, 552.0, 0.000, 0.0
92.197, 801.0, 1590.307, 801.0, 83166.455, 668.0, 356052.481, 669.0, 75.922, 552.0, 1571.505, 552.0, 0.000, 0.0
108.378, 803.0, 1869.423, 803.0, 98935.679, 670.0, 423547.647, 671.0, 91.107, 552.0, 1880.371, 553.0, 0.000, 0.0
127.345, 805.0, 2196.572, 805.0, 118204.375, 671.0, 506027.979, 672.0, 109.013, 553.0, 2256.446, 553.0, 0.000, 0.0
149.562, 807.0, 2579.803, 807.0, 140600.994, 673.0, 601883.499, 674.0, 130.438, 554.0, 2699.909, 554.0, 0.000, 0.0
175.573, 809.0, 3028.465, 809.0, 167974.638, 674.0, 719050.153, 675.0, 156.525, 554.0, 3239.891, 554.0, 0.000, 0.0
206.006, 811.0, 3553.399, 811.0, 200673.701, 675.0, 859008.130, 676.0, 187.286, 555.0, 3876.600, 555.0, 0.000, 0.0
241.589, 813.0, 4215.623, 812.0, 239733.404, 676.0, 1021564.825, 678.0, 224.743, 555.0, 4651.920, 555.0, 0.000, 0.0
286.535, 814.0, 4942.454, 814.0, 285099.994, 678.0, 1220330.832, 679.0, 268.908, 556.0, 5566.076, 556.0, 0.000, 0.0
335.752, 816.0, 5791.394, 816.0, 340571.939, 679.0, 1457740.648, 680.0, 322.689, 556.0, 6679.291, 556.0, 0.000, 0.0
371.364, 817.0, 6865.941, 817.0, 406828.661, 680.0, 1741301.157, 681.0, 386.098, 557.0, 7991.782, 557.0, 0.000, 0.0
371.364, 817.0, 8138.653, 818.0, 485965.195, 681.0, 2079976.245, 682.0, 463.318, 557.0, 9590.138, 557.0, 0.000, 0.0
440.203, 818.0, 9525.238, 820.0, 580483.197, 682.0, 2484469.321, 683.0, 555.982, 557.0, 11508.166, 557.0, 0.000, 0.0
521.722, 819.0, 11285.598, 821.0, 693369.791, 683.0, 2981363.185, 683.0, 665.227, 558.0, 13769.420, 558.0, 0.000, 0.0
618.240, 820.0, 13369.093, 822.0, 828191.694, 684.0, 3561072.694, 684.0, 798.273, 558.0, 16523.304, 558.0, 0.000, 0.0
723.106, 822.0, 15834.562, 823.0, 993830.033, 684.0, 4253411.478, 685.0, 957.927, 558.0, 19827.964, 558.0, 0.000, 0.0
856.458, 823.0, 18751.455, 824.0, 1187049.082, 685.0, 5080242.868, 686.0, 1146.141, 559.0, 23723.781, 559.0, 0.000, 0.0
1014.227, 824.0, 22201.723, 825.0, 1417802.548, 686.0, 6067670.355, 687.0, 1375.370, 559.0, 28468.538, 559.0, 0.000, 0.0
1200.844, 825.0, 26282.040, 826.0, 1693375.438, 687.0, 7281204.426, 687.0, 1539.803, 559.0, 34162.245, 559.0, 0.000, 0.0
1421.540, 826.0, 31106.414, 827.0, 2032050.525, 687.0, 0.000, 0.0, 1539.803, 559.0, 40994.694, 559.0, 0.000, 0.0
1682.480, 827.0, 36809.257, 828.0, 2426958.457, 688.0, 0.000, 0.0, 1847.764, 559.0, 49048.946, 560.0, 0.000, 0.0
1990.935, 828.0, 43548.980, 829.0, 2898547.541, 689.0, 0.000, 0.0, 2217.317, 559.0, 58858.735, 560.0, 0.000, 0.0
2389.122, 828.0, 52258.776, 829.0, 3478257.050, 689.0, 0.000, 0.0, 2652.954, 560.0, 70630.482, 560.0, 0.000, 0.0
2826.567, 829.0, 61814.667, 830.0, 4154032.705, 690.0, 0.000, 0.0, 3183.545, 560.0, 84756.579, 560.0, 0.000, 0.0
3343.425, 830.0, 73102.563, 831.0, 4984839.246, 690.0, 0.000, 0.0, 3820.254, 560.0, 101707.895, 560.0, 0.000, 0.0
3953.964, 831.0, 86433.030, 832.0, 5953186.009, 691.0, 0.000, 0.0, 4584.305, 560.0, 122049.474, 560.0, 0.000, 0.0
4744.756, 831.0, 103719.636, 832.0, 7143823.210, 691.0, 0.000, 0.0, 5501.166, 560.0, 146027.335, 561.0, 0.000, 0.0
5609.977, 832.0, 122605.898, 833.0, 0.000, 0.0, 0.000, 0.0, 6581.926, 561.0, 175232.802, 561.0, 0.000, 0.0
6631.495, 833.0, 147127.077, 833.0, 0.000, 0.0, 0.000, 0.0, 7898.311, 561.0, 210279.362, 561.0, 0.000, 0.0
7957.794, 833.0, 173877.455, 834.0, 0.000, 0.0, 0.000, 0.0, 9477.973, 561.0, 252335.234, 561.0, 0.000, 0.0
9404.665, 834.0, 208652.946, 834.0, 0.000, 0.0, 0.000, 0.0, 11373.568, 561.0, 302802.281, 561.0, 0.000, 0.0
11285.598, 834.0, 246531.481, 835.0, 0.000, 0.0, 0.000, 0.0, 13648.281, 561.0, 363362.738, 561.0, 0.000, 0.0
13334.368, 835.0, 295837.777, 835.0, 0.000, 0.0, 0.000, 0.0, 16377.937, 561.0, 436035.285, 561.0, 0.000, 0.0
16001.242, 835.0, 349458.374, 836.0, 0.000, 0.0, 0.000, 0.0, 19653.525, 561.0, 523242.342, 561.0, 0.000, 0.0
18901.467, 836.0, 419350.049, 836.0, 0.000, 0.0, 0.000, 0.0, 23584.230, 561.0, 626033.145, 562.0, 0.000, 0.0
22681.761, 836.0, 495232.439, 837.0, 0.000, 0.0, 0.000, 0.0, 28301.076, 561.0, 751239.774, 562.0, 0.000, 0.0
26786.079, 837.0, 594278.927, 837.0, 0.000, 0.0, 0.000, 0.0, 33860.814, 562.0, 901487.729, 562.0, 0.000, 0.0
32143.295, 837.0, 713134.713, 837.0, 0.000, 0.0, 0.000, 0.0, 40632.976, 562.0, 1081785.275, 562.0, 0.000, 0.0
38571.954, 837.0, 841959.048, 838.0, 0.000, 0.0, 0.000, 0.0, 48759.572, 562.0, 1298142.330, 562.0, 0.000, 0.0
45539.791, 838.0, 1010350.857, 838.0, 0.000, 0.0, 0.000, 0.0, 58511.486, 562.0, 1557770.796, 562.0, 0.000, 0.0
54647.749, 838.0, 1212421.029, 838.0, 0.000, 0.0, 0.000, 0.0, 70213.783, 562.0, 1869324.956, 562.0, 0.000, 0.0
65577.299, 838.0, 1431054.329, 839.0, 0.000, 0.0, 0.000, 0.0, 84256.540, 562.0, 2243189.947, 562.0, 0.000, 0.0
77402.713, 839.0, 1717265.195, 839.0, 0.000, 0.0, 0.000, 0.0, 101107.848, 562.0, 2691827.936, 562.0, 0.000, 0.0
92883.256, 839.0, 2060718.234, 839.0, 0.000, 0.0, 0.000, 0.0, 121329.418, 562.0, 3230193.523, 562.0, 0.000, 0.0
111459.907, 839.0, 0.000, 0.0, 0.000, 0.0, 0.000, 0.0, 145595.301, 562.0, 3876232.228, 562.0, 0.000, 0.0
131522.690, 840.0, 0.000, 0.0, 0.000, 0.0, 0.000, 0.0, 174714.361, 562.0, 4651478.674, 562.0, 0.000, 0.0
157827.229, 840.0, 0.000, 0.0, 0.000, 0.0, 0.000, 0.0, 209657.234, 562.0, 5581774.408, 562.0, 0.000, 0.0
189392.674, 840.0, 0.000, 0.0, 0.000, 0.0, 0.000, 0.0, 251588.680, 562.0, 6698129.290, 562.0, 0.000, 0.0
227271.209, 840.0, 0.000, 0.0, 0.000, 0.0, 0.000, 0.0, 301906.417, 562.0, 8037755.148, 562.0, 0.000, 0.0
268102.986, 841.0, 0.000, 0.0, 0.000, 0.0, 0.000, 0.0, 362287.700, 562.0, 9645306.177, 562.0, 0.000, 0.0
321723.583, 841.0, 0.000, 0.0, 0.000, 0.0, 0.000, 0.0, 434745.240, 562.0, 11574367.413, 562.0, 0.000, 0.0
386068.299, 841.0, 0.000, 0.0, 0.000, 0.0, 0.000, 0.0, 521694.288, 562.0, 0.000, 0.0, 0.000, 0.0
463281.959, 841.0, 0.000, 0.0, 0.000, 0.0, 0.000, 0.0, 626033.145, 562.0, 0.000, 0.0, 0.000, 0.0
555938.351, 841.0, 0.000, 0.0, 0.000, 0.0, 0.000, 0.0, 751239.774, 562.0, 0.000, 0.0, 0.000, 0.0
655623.849, 842.0, 0.000, 0.0, 0.000, 0.0, 0.000, 0.0, 901487.729, 562.0, 0.000, 0.0, 0.000, 0.0
786748.618, 842.0, 0.000, 0.0, 0.000, 0.0, 0.000, 0.0, 1081785.275, 562.0, 0.000, 0.0, 0.000, 0.0
944098.342, 842.0, 0.000, 0.0, 0.000, 0.0, 0.000, 0.0, 1298142.330, 562.0, 0.000, 0.0, 0.000, 0.0
1132918.010, 842.0, 0.000, 0.0, 0.000, 0.0, 0.000, 0.0, 1557770.796, 562.0, 0.000, 0.0, 0.000, 0.0
1359501.613, 842.0, 0.000, 0.0, 0.000, 0.0, 0.000, 0.0, 1869324.956, 562.0, 0.000, 0.0, 0.000, 0.0
1631401.935, 842.0, 0.000, 0.0, 0.000, 0.0, 0.000, 0.0, 2243189.947, 562.0, 0.000, 0.0, 0.000, 0.0
1957682.322, 842.0, 0.000, 0.0, 0.000, 0.0, 0.000, 0.0, 2691827.936, 562.0, 0.000, 0.0, 0.000, 0.0
